A	Agilent_Technologies,_Inc.	Healthcare	Diagnostics_&_Research	USA	41.07B
AA	Alcoa_Corporation	Basic_Materials	Aluminum	USA	12.15B
AAAU	Goldman_Sachs_Physical_Gold_ETF	Financial	Exchange_Traded_Fund	USA	-
AAC	Ares_Acquisition_Corporation	Financial	Shell_Companies	USA	1.22B
AACG	ATA_Creativity_Global	Consumer_Defensive	Education_&_Training_Services	China	48.31M
AACI	Armada_Acquisition_Corp._I	Financial	Shell_Companies	USA	214.03M
AACIU	Armada_Acquisition_Corp._I	Financial	Shell_Companies	USA	-
AACIW	Armada_Acquisition_Corp._I	Financial	Shell_Companies	USA	-
AADI	Aadi_Bioscience,_Inc.	Healthcare	Biotechnology	USA	395.67M
AADR	AdvisorShares_Dorsey_Wright_ADR_ETF	Financial	Exchange_Traded_Fund	USA	-
AAIC	Arlington_Asset_Investment_Corp.	Real_Estate	REIT_-_Mortgage	USA	107.66M
AAL	American_Airlines_Group_Inc.	Industrials	Airlines	USA	10.75B
AAME	Atlantic_American_Corporation	Financial	Insurance_-_Life	USA	51.92M
AAN	The_Aaron's_Company,_Inc.	Industrials	Rental_&_Leasing_Services	USA	652.59M
AAOI	Applied_Optoelectronics,_Inc.	Technology	Semiconductors	USA	106.41M
AAON	AAON,_Inc.	Industrials	Building_Products_&_Equipment	USA	3.12B
AAP	Advance_Auto_Parts,_Inc.	Consumer_Cyclical	Specialty_Retail	USA	13.96B
AAPL	Apple_Inc.	Technology	Consumer_Electronics	USA	2632.21B
AAQC	Accelerate_Acquisition_Corp.	Financial	Shell_Companies	USA	389.60M
AAT	American_Assets_Trust,_Inc.	Real_Estate	REIT_-_Diversified	USA	2.07B
AATC	Autoscope_Technologies_Corporation	Technology	Scientific_&_Technical_Instruments	USA	36.24M
AAU	Almaden_Minerals_Ltd.	Basic_Materials	Gold	Canada	45.31M
AAWW	Atlas_Air_Worldwide_Holdings,_Inc.	Industrials	Airports_&_Air_Services	USA	2.24B
AAXJ	iShares_MSCI_All_Country_Asia_ex_Japan_ETF	Financial	Exchange_Traded_Fund	USA	-
AB	AllianceBernstein_Holding_L.P.	Financial	Asset_Management	USA	4.67B
ABB	ABB_Ltd	Industrials	Specialty_Industrial_Machinery	Switzerland	72.39B
ABBV	AbbVie_Inc.	Healthcare	Drug_Manufacturers_-_General	USA	245.14B
ABC	AmerisourceBergen_Corporation	Healthcare	Medical_Distribution	USA	27.99B
ABCB	Ameris_Bancorp	Financial	Banks_-_Regional	USA	3.46B
ABCL	AbCellera_Biologics_Inc.	Healthcare	Biotechnology	Canada	2.37B
ABCM	Abcam_plc	Healthcare	Biotechnology	USA	3.92B
ABEO	Abeona_Therapeutics_Inc.	Healthcare	Biotechnology	USA	24.82M
ABEQ	Absolute_Core_Strategy_ETF	Financial	Exchange_Traded_Fund	USA	-
ABEV	Ambev_S.A.	Consumer_Defensive	Beverages_-_Brewers	Brazil	42.65B
ABG	Asbury_Automotive_Group,_Inc.	Consumer_Cyclical	Auto_&_Truck_Dealerships	USA	3.49B
ABGI	ABG_Acquisition_Corp._I	Financial	Shell_Companies	USA	188.27M
ABIO	ARCA_biopharma,_Inc.	Healthcare	Biotechnology	USA	27.21M
ABM	ABM_Industries_Incorporated	Industrials	Specialty_Business_Services	USA	2.70B
ABMD	Abiomed,_Inc.	Healthcare	Medical_Devices	USA	13.46B
ABNB	Airbnb,_Inc.	Consumer_Cyclical	Travel_Services	USA	94.44B
ABOS	Acumen_Pharmaceuticals,_Inc.	Healthcare	Biotechnology	USA	195.12M
ABR	Arbor_Realty_Trust,_Inc.	Real_Estate	REIT_-_Mortgage	USA	2.43B
ABSI	Absci_Corporation	Healthcare	Biotechnology	USA	625.10M
ABST	Absolute_Software_Corporation	Technology	Software_-_Application	Canada	486.70M
ABT	Abbott_Laboratories	Healthcare	Medical_Devices	USA	220.38B
ABTX	Allegiance_Bancshares,_Inc.	Financial	Banks_-_Regional	USA	878.67M
ABUS	Arbutus_Biopharma_Corporation	Healthcare	Biotechnology	USA	390.82M
ABVC	ABVC_BioPharma,_Inc.	Healthcare	Biotechnology	USA	73.26M
AC	Associated_Capital_Group,_Inc.	Financial	Capital_Markets	USA	896.40M
ACA	Arcosa,_Inc.	Industrials	Infrastructure_Operations	USA	2.08B
ACABU	Atlantic_Coastal_Acquisition_Corp._II_Unit	Financial	Shell_Companies	USA	-
ACAD	ACADIA_Pharmaceuticals_Inc.	Healthcare	Biotechnology	USA	3.69B
ACAHU	Atlantic_Coastal_Acquisition_Corp.	Financial	Shell_Companies	USA	-
ACAQ	Athena_Consumer_Acquisition_Corp.	Financial	Shell_Companies	USA	171.29M
ACB	Aurora_Cannabis_Inc.	Healthcare	Drug_Manufacturers_-_Specialty_&_Generic	Canada	1.03B
ACBI	Atlantic_Capital_Bancshares,_Inc.	Financial	Banks_-_Regional	USA	632.11M
ACC	American_Campus_Communities,_Inc.	Real_Estate	REIT_-_Residential	USA	6.96B
ACCD	Accolade,_Inc.	Healthcare	Health_Information_Services	USA	1.18B
ACCO	ACCO_Brands_Corporation	Industrials	Business_Equipment_&_Supplies	USA	764.88M
ACEL	Accel_Entertainment,_Inc.	Consumer_Cyclical	Gambling	USA	1.20B
ACER	Acer_Therapeutics_Inc.	Healthcare	Biotechnology	USA	30.59M
ACES	ALPS_Clean_Energy_ETF	Financial	Exchange_Traded_Fund	USA	-
ACET	Adicet_Bio,_Inc.	Healthcare	Biotechnology	USA	475.14M
ACEV	ACE_Convergence_Acquisition_Corp.	Financial	Shell_Companies	USA	286.33M
ACEVU	ACE_Convergence_Acquisition_Corp.	Financial	Shell_Companies	USA	-
ACGL	Arch_Capital_Group_Ltd.	Financial	Insurance_-_Diversified	Bermuda	18.15B
ACGLN	Arch_Capital_Group_Ltd.	Financial	Insurance_-_Diversified	Bermuda	-
ACH	Aluminum_Corporation_of_China_Limited	Basic_Materials	Aluminum	China	14.60B
ACHC	Acadia_Healthcare_Company,_Inc.	Healthcare	Medical_Care_Facilities	USA	4.56B
ACHL	Achilles_Therapeutics_plc	Healthcare	Biotechnology	United_Kingdom	142.52M
ACHR	Archer_Aviation_Inc.	Industrials	Aerospace_&_Defense	USA	729.23M
ACHV	Achieve_Life_Sciences,_Inc.	Healthcare	Biotechnology	Canada	72.14M
ACI	Albertsons_Companies,_Inc.	Consumer_Defensive	Grocery_Stores	USA	13.88B
ACII	Atlas_Crest_Investment_Corp._II	Financial	Shell_Companies	USA	420.63M
ACIO	Aptus_Collared_Income_Opportunity_ETF	Financial	Exchange_Traded_Fund	USA	-
ACIU	AC_Immune_SA	Healthcare	Biotechnology	Switzerland	331.47M
ACIW	ACI_Worldwide,_Inc.	Technology	Software_-_Infrastructure	USA	3.66B
ACKIT	Ackrell_SPAC_Partners_I_Co.	Financial	Shell_Companies	USA	-
ACKIU	Ackrell_SPAC_Partners_I_Co.	Financial	Shell_Companies	USA	328.91M
ACLS	Axcelis_Technologies,_Inc.	Technology	Semiconductor_Equipment_&_Materials	USA	2.03B
ACM	AECOM	Industrials	Engineering_&_Construction	USA	9.56B
ACMR	ACM_Research,_Inc.	Technology	Semiconductor_Equipment_&_Materials	USA	1.50B
ACN	Accenture_plc	Technology	Information_Technology_Services	Ireland	222.44B
ACNB	ACNB_Corporation	Financial	Banks_-_Regional	USA	276.59M
ACOR	Acorda_Therapeutics,_Inc.	Healthcare	Biotechnology	USA	20.51M
ACP	Aberdeen_Income_Credit_Strategies_Fund	Financial	Closed-End_Fund_-_Debt	USA	235.64M
ACQR	Independence_Holdings_Corp.	Financial	Shell_Companies	USA	430.78M
ACQRU	Independence_Holdings_Corp.	Financial	Shell_Companies	USA	-
ACR	ACRES_Commercial_Realty_Corp.	Real_Estate	REIT_-_Mortgage	USA	114.98M
ACRE	Ares_Commercial_Real_Estate_Corporation	Real_Estate	REIT_-_Mortgage	USA	671.68M
ACRO	Acropolis_Infrastructure_Acquisition_Corp.	Financial	Shell_Companies	USA	418.27M
ACRS	Aclaris_Therapeutics,_Inc.	Healthcare	Biotechnology	USA	669.64M
ACRX	AcelRx_Pharmaceuticals,_Inc.	Healthcare	Drug_Manufacturers_-_Specialty_&_Generic	USA	62.09M
ACST	Acasti_Pharma_Inc.	Healthcare	Biotechnology	Canada	64.48M
ACT	Enact_Holdings,_Inc.	Financial	Exchange_Traded_Fund	USA	3.38B
ACTDU	ArcLight_Clean_Transition_Corp._II	Financial	Shell_Companies	USA	-
ACTG	Acacia_Research_Corporation	Industrials	Specialty_Business_Services	USA	214.32M
ACU	Acme_United_Corporation	Consumer_Defensive	Household_&_Personal_Products	USA	114.60M
ACV	AllianzGI_Diversified_Income_&_Convertible_Fund	Financial	Asset_Management	USA	280.90M
ACVA	ACV_Auctions_Inc.	Technology	Software_-_Application	USA	1.77B
ACWF	iShares_MSCI_Global_Multifactor_ETF	Financial	Exchange_Traded_Fund	USA	-
ACWI	iShares_MSCI_ACWI_ETF	Financial	Exchange_Traded_Fund	USA	-
ACWV	iShares_MSCI_Global_Min_Vol_Factor_ETF	Financial	Exchange_Traded_Fund	USA	-
ACWX	iShares_MSCI_ACWI_ex_U.S._ETF	Financial	Exchange_Traded_Fund	USA	-
ACXP	Acurx_Pharmaceuticals,_Inc.	Healthcare	Biotechnology	USA	37.15M
ACY	AeroCentury_Corp.	Industrials	Rental_&_Leasing_Services	USA	134.07M
ADAG	Adagene_Inc.	Healthcare	Biotechnology	China	305.97M
ADALU	Anthemis_Digital_Acquisitions_I_Corp	Financial	Shell_Companies	USA	-
ADAP	Adaptimmune_Therapeutics_plc	Healthcare	Biotechnology	United_Kingdom	443.84M
ADBE	Adobe_Inc.	Technology	Software_-_Infrastructure	USA	230.50B
ADC	Agree_Realty_Corporation	Real_Estate	REIT_-_Retail	USA	4.70B
ADCT	ADC_Therapeutics_SA	Healthcare	Biotechnology	Switzerland	1.21B
ADER	26_Capital_Acquisition_Corp.	Financial	Shell_Companies	USA	338.94M
ADES	Advanced_Emissions_Solutions,_Inc.	Industrials	Pollution_&_Treatment_Controls	USA	115.81M
ADEX	Adit_EdTech_Acquisition_Corp.	Financial	Shell_Companies	USA	340.86M
ADGI	Adagio_Therapeutics,_Inc.	Healthcare	Biotechnology	USA	889.91M
ADI	Analog_Devices,_Inc.	Technology	Semiconductors	USA	82.51B
ADIL	Adial_Pharmaceuticals,_Inc.	Healthcare	Biotechnology	USA	51.91M
ADM	Archer-Daniels-Midland_Company	Consumer_Defensive	Farm_Products	USA	41.40B
ADMA	ADMA_Biologics,_Inc.	Healthcare	Biotechnology	USA	308.75M
ADME	Aptus_Drawdown_Managed_Equity_ETF	Financial	Exchange_Traded_Fund	USA	-
ADMP	Adamis_Pharmaceuticals_Corporation	Healthcare	Drug_Manufacturers_-_Specialty_&_Generic	USA	91.18M
ADN	Advent_Technologies_Holdings,_Inc.	Utilities	Utilities_-_Renewable	USA	201.92M
ADNT	Adient_plc	Consumer_Cyclical	Auto_Parts	Ireland	4.36B
ADOC	Edoc_Acquisition_Corp.	Financial	Shell_Companies	USA	121.11M
ADP	Automatic_Data_Processing,_Inc.	Industrials	Staffing_&_Employment_Services	USA	85.67B
ADPT	Adaptive_Biotechnologies_Corporation	Healthcare	Biotechnology	USA	2.25B
ADRE	Invesco_BLDRS_Emerging_Markets_50_ADR_Index_Fund	Financial	Exchange_Traded_Fund	USA	-
ADS	Alliance_Data_Systems_Corporation	Financial	Credit_Services	USA	3.37B
ADSE	ADS-TEC_Energy_PLC	Industrials	Electrical_Equipment_&_Parts	Ireland	390.46M
ADSK	Autodesk,_Inc.	Technology	Software_-_Application	USA	50.66B
ADT	ADT_Inc.	Industrials	Security_&_Protection_Services	USA	5.87B
ADTH	AdTheorent_Holding_Company,_Inc.	Communication_Services	Advertising_Agencies	USA	509.17M
ADTHW	AdTheorent_Holding_Company,_Inc.	Communication_Services	Advertising_Agencies	USA	-
ADTN	ADTRAN,_Inc.	Technology	Communication_Equipment	USA	949.93M
ADTX	Aditxt,_Inc.	Healthcare	Biotechnology	USA	16.06M
ADUS	Addus_HomeCare_Corporation	Healthcare	Medical_Care_Facilities	USA	1.17B
ADV	Advantage_Solutions_Inc.	Communication_Services	Advertising_Agencies	USA	2.35B
ADVM	Adverum_Biotechnologies,_Inc.	Healthcare	Biotechnology	USA	144.35M
ADX	Adams_Diversified_Equity_Fund,_Inc.	Financial	Closed-End_Fund_-_Equity	USA	2.05B
ADXN	Addex_Therapeutics_Ltd	Healthcare	Biotechnology	Switzerland	30.62M
ADXS	Advaxis,_Inc.	Healthcare	Biotechnology	USA	19.86M
AE	Adams_Resources_&_Energy,_Inc.	Energy	Oil_&_Gas_Integrated	USA	133.63M
AEAC	Authentic_Equity_Acquisition_Corp.	Financial	Shell_Companies	USA	223.56M
AEACU	Authentic_Equity_Acquisition_Corp.	Financial	Shell_Companies	USA	-
AEE	Ameren_Corporation	Utilities	Utilities_-_Regulated_Electric	USA	22.04B
AEF	Aberdeen_Emerging_Markets_Equity_Income_Fund,_Inc.	Financial	Asset_Management	United_Kingdom	391.80M
AEG	Aegon_N.V.	Financial	Insurance_-_Diversified	Netherlands	12.78B
AEHL	Antelope_Enterprise_Holdings_Limited	Industrials	Building_Products_&_Equipment	China	5.69M
AEHR	Aehr_Test_Systems	Technology	Semiconductor_Equipment_&_Materials	USA	315.85M
AEI	Alset_EHome_International_Inc.	Real_Estate	Real_Estate_-_Development	USA	24.42M
AEIS	Advanced_Energy_Industries,_Inc.	Industrials	Electrical_Equipment_&_Parts	USA	3.01B
AEL	American_Equity_Investment_Life_Holding_Company	Financial	Insurance_-_Life	USA	3.92B
AEM	Agnico_Eagle_Mines_Limited	Basic_Materials	Gold	Canada	11.98B
AEMD	Aethlon_Medical,_Inc.	Healthcare	Medical_Devices	USA	21.68M
AENZ	Aenza_S.A.A.	Industrials	Engineering_&_Construction	Peru	314.14M
AEO	American_Eagle_Outfitters,_Inc.	Consumer_Cyclical	Apparel_Retail	USA	3.86B
AEP	American_Electric_Power_Company,_Inc.	Utilities	Utilities_-_Regulated_Electric	USA	44.55B
AER	AerCap_Holdings_N.V.	Industrials	Airports_&_Air_Services	Ireland	15.30B
AERC	AeroClean_Technologies,_Inc.	Industrials	Pollution_&_Treatment_Controls	USA	65.60M
AERI	Aerie_Pharmaceuticals,_Inc.	Healthcare	Drug_Manufacturers_-_Specialty_&_Generic	USA	331.00M
AES	The_AES_Corporation	Utilities	Utilities_-_Diversified	USA	14.56B
AESC	The_AES_Corporation	Utilities	Utilities_-_Diversified	USA	-
AESE	Allied_Esports_Entertainment_Inc.	Communication_Services	Entertainment	USA	67.07M
AESR	Anfield_U.S._Equity_Sector_Rotation_ETF	Financial	Exchange_Traded_Fund	USA	-
AEVA	Aeva_Technologies,_Inc.	Consumer_Cyclical	Auto_Parts	USA	1.08B
AEY	ADDvantage_Technologies_Group,_Inc.	Technology	Electronics_&_Computer_Distribution	USA	16.25M
AEYE	AudioEye,_Inc.	Technology	Software_-_Application	USA	67.26M
AEZS	Aeterna_Zentaris_Inc.	Healthcare	Biotechnology	USA	42.86M
AFAC	Arena_Fortify_Acquisition_Corp.	Financial	Shell_Companies	USA	171.21M
AFACU	Arena_Fortify_Acquisition_Corp.	Financial	Shell_Companies	USA	-
AFACW	Arena_Fortify_Acquisition_Corp.	Financial	Shell_Companies	USA	-
AFB	AllianceBernstein_National_Municipal_Income_Fund	Financial	Closed-End_Fund_-_Debt	USA	386.04M
AFBI	Affinity_Bancshares,_Inc.	Financial	Banks_-_Regional	USA	104.91M
AFCG	AFC_Gamma,_Inc.	Real_Estate	REIT_-_Specialty	USA	318.99M
AFG	American_Financial_Group,_Inc.	Financial	Insurance_-_Property_&_Casualty	USA	10.89B
AFI	Armstrong_Flooring,_Inc.	Industrials	Building_Products_&_Equipment	USA	39.58M
AFIB	Acutus_Medical,_Inc.	Healthcare	Medical_Devices	USA	62.11M
AFIF	Anfield_Universal_Fixed_Income_ETF	Financial	Exchange_Traded_Fund	USA	-
AFIN	American_Finance_Trust,_Inc.	Real_Estate	REIT_-_Diversified	USA	978.57M
AFINO	American_Finance_Trust,_Inc.	Real_Estate	REIT_-_Diversified	USA	-
AFINP	American_Finance_Trust,_Inc.	Real_Estate	REIT_-_Diversified	USA	-
AFK	VanEck_Vectors_Africa_Index_ETF	Financial	Exchange_Traded_Fund	USA	-
AFL	Aflac_Incorporated	Financial	Insurance_-_Life	USA	42.48B
AFLG	First_Trust_Active_Factor_Large_Cap_ETF	Financial	Exchange_Traded_Fund	USA	-
AFMD	Affimed_N.V.	Healthcare	Biotechnology	Germany	442.95M
AFRM	Affirm_Holdings,_Inc.	Technology	Software_-_Infrastructure	USA	15.06B
AFT	Apollo_Senior_Floating_Rate_Fund_Inc.	Financial	Asset_Management	USA	258.20M
AFTR	AfterNext_HealthTech_Acquisition_Corp.	Financial	Shell_Companies	USA	241.00M
AFTY	Pacer_CSOP_FTSE_China_A50_ETF	Financial	Exchange_Traded_Fund	USA	-
AFYA	Afya_Limited	Consumer_Defensive	Education_&_Training_Services	Brazil	1.31B
AG	First_Majestic_Silver_Corp.	Basic_Materials	Silver	Canada	2.54B
AGCB	Altimeter_Growth_Corp._2	Financial	Shell_Companies	USA	561.38M
AGCO	AGCO_Corporation	Industrials	Farm_&_Heavy_Construction_Machinery	USA	8.42B
AGD	Aberdeen_Global_Dynamic_Dividend_Fund	Financial	Closed-End_Fund_-_Foreign	USA	144.32M
AGE	AgeX_Therapeutics,_Inc.	Healthcare	Biotechnology	USA	29.90M
AGEN	Agenus_Inc.	Healthcare	Biotechnology	USA	581.15M
AGFS	AgroFresh_Solutions,_Inc.	Consumer_Defensive	Farm_Products	USA	110.19M
AGFY	Agrify_Corporation	Industrials	Engineering_&_Construction	USA	140.82M
AGG	iShares_Core_U.S._Aggregate_Bond_ETF	Financial	Exchange_Traded_Fund	USA	-
AGGR	Agile_Growth_Corp.	Financial	Shell_Companies	USA	301.01M
AGGRU	Agile_Growth_Corp.	Financial	Shell_Companies	USA	-
AGGY	WisdomTree_Yield_Enhanced_U.S._Aggregate_Bond_Fund	Financial	Exchange_Traded_Fund	USA	-
AGI	Alamos_Gold_Inc.	Basic_Materials	Gold	Canada	3.29B
AGIL	AgileThought,_Inc.	Technology	Software_-_Application	USA	221.18M
AGIO	Agios_Pharmaceuticals,_Inc.	Healthcare	Biotechnology	USA	1.52B
AGL	agilon_health,_inc.	Healthcare	Medical_Care_Facilities	USA	6.90B
AGLE	Aeglea_BioTherapeutics,_Inc.	Healthcare	Biotechnology	USA	207.99M
AGM	Federal_Agricultural_Mortgage_Corporation	Financial	Credit_Services	USA	1.31B
AGMH	AGM_Group_Holdings_Inc.	Technology	Software_-_Application	Hong_Kong	37.11M
AGNC	AGNC_Investment_Corp.	Real_Estate	REIT_-_Mortgage	USA	7.50B
AGO	Assured_Guaranty_Ltd.	Financial	Insurance_-_Specialty	Bermuda	3.76B
AGOX	Adaptive_Growth_Opportunities_ETF	Financial	Exchange_Traded_Fund	USA	-
AGQ	ProShares_Ultra_Silver	Financial	Exchange_Traded_Fund	USA	-
AGR	Avangrid,_Inc.	Utilities	Utilities_-_Regulated_Electric	USA	17.38B
AGRI	AgriFORCE_Growing_Systems,_Ltd.	Consumer_Defensive	Farm_Products	Canada	21.82M
AGRO	Adecoagro_S.A.	Consumer_Defensive	Farm_Products	Luxembourg	872.24M
AGRX	Agile_Therapeutics,_Inc.	Healthcare	Drug_Manufacturers_-_Specialty_&_Generic	USA	38.33M
AGS	PlayAGS,_Inc.	Consumer_Cyclical	Gambling	USA	284.01M
AGT	iShares_MSCI_Argentina_and_Global_Exposure_ETF	Financial	Exchange_Traded_Fund	USA	-
AGTC	Applied_Genetic_Technologies_Corporation	Healthcare	Biotechnology	USA	74.74M
AGTI	Agiliti,_Inc.	Healthcare	Health_Information_Services	USA	2.29B
AGX	Argan,_Inc.	Industrials	Engineering_&_Construction	USA	581.75M
AGYS	Agilysys,_Inc.	Technology	Software_-_Application	USA	885.29M
AGZ	iShares_Agency_Bond_ETF	Financial	Exchange_Traded_Fund	USA	-
AGZD	WisdomTree_Interest_Rate_Hedged_U.S._Aggregate_Bond_Fund	Financial	Exchange_Traded_Fund	USA	-
AHCO	AdaptHealth_Corp.	Healthcare	Medical_Devices	USA	2.26B
AHG	Akso_Health_Group	Financial	Credit_Services	China	41.81M
AHH	Armada_Hoffler_Properties,_Inc.	Real_Estate	REIT_-_Diversified	USA	1.16B
AHI	Advanced_Human_Imaging_Limited	Technology	Software_-_Application	Australia	45.03M
AHPI	Allied_Healthcare_Products,_Inc.	Healthcare	Medical_Devices	USA	12.91M
AHT	Ashford_Hospitality_Trust,_Inc.	Real_Estate	REIT_-_Hotel_&_Motel	USA	247.80M
AI	C3.ai,_Inc.	Technology	Information_Technology_Services	USA	2.56B
AIA	iShares_Asia_50_ETF	Financial	Exchange_Traded_Fund	USA	-
AIEQ	AI_Powered_Equity_ETF	Financial	Exchange_Traded_Fund	USA	-
AIF	Apollo_Tactical_Income_Fund_Inc.	Financial	Asset_Management	USA	221.30M
AIG	American_International_Group,_Inc.	Financial	Insurance_-_Diversified	USA	50.16B
AIH	Aesthetic_Medical_International_Holdings_Group_Limited	Healthcare	Medical_Care_Facilities	China	71.68M
AIHS	Senmiao_Technology_Limited	Financial	Credit_Services	China	19.68M
AIKI	AIkido_Pharma_Inc.	Healthcare	Biotechnology	USA	42.41M
AIM	AIM_ImmunoTech_Inc.	Healthcare	Biotechnology	USA	37.73M
AIMC	Altra_Industrial_Motion_Corp.	Industrials	Specialty_Industrial_Machinery	USA	3.03B
AIN	Albany_International_Corp.	Consumer_Cyclical	Textile_Manufacturing	USA	2.72B
AINC	Ashford_Inc.	Financial	Asset_Management	USA	58.12M
AINV	Apollo_Investment_Corporation	Financial	Asset_Management	USA	868.30M
AIO	Virtus_AllianzGI_Artificial_Intelligence_&_Technology_Opportunities_Fund	Financial	Closed-End_Fund_-_Equity	USA	783.95M
AIP	Arteris,_Inc.	Technology	Semiconductors	USA	488.51M
AIQ	Global_X_Artificial_Intelligence_&_Technology_ETF	Financial	Exchange_Traded_Fund	USA	-
AIR	AAR_Corp.	Industrials	Aerospace_&_Defense	USA	1.42B
AIRC	Apartment_Income_REIT_Corp.	Real_Estate	REIT_-_Residential	USA	8.10B
AIRG	Airgain,_Inc.	Technology	Communication_Equipment	USA	93.46M
AIRI	Air_Industries_Group	Industrials	Aerospace_&_Defense	USA	26.99M
AIRR	First_Trust_RBA_American_Industrial_RenaissanceTM_ETF	Financial	Exchange_Traded_Fund	USA	-
AIRS	AirSculpt_Technologies,_Inc.	Healthcare	Medical_Care_Facilities	USA	710.80M
AIRT	Air_T,_Inc.	Industrials	Integrated_Freight_&_Logistics	USA	68.82M
AIT	Applied_Industrial_Technologies,_Inc.	Industrials	Industrial_Distribution	USA	3.66B
AIV	Apartment_Investment_and_Management_Company	Real_Estate	REIT_-_Residential	USA	994.33M
AIZ	Assurant,_Inc.	Financial	Insurance_-_Specialty	USA	8.59B
AJG	Arthur_J._Gallagher_&_Co.	Financial	Insurance_Brokers	USA	31.30B
AJRD	Aerojet_Rocketdyne_Holdings,_Inc.	Industrials	Aerospace_&_Defense	USA	2.95B
AJX	Great_Ajax_Corp.	Real_Estate	REIT_-_Mortgage	USA	287.50M
AKA	a.k.a._Brands_Holding_Corp.	Consumer_Cyclical	Internet_Retail	USA	878.02M
AKAM	Akamai_Technologies,_Inc.	Technology	Software_-_Infrastructure	USA	18.21B
AKBA	Akebia_Therapeutics,_Inc.	Healthcare	Biotechnology	USA	305.10M
AKIC	Sports_Ventures_Acquisition_Corp.	Financial	Shell_Companies	USA	289.99M
AKICU	Sports_Ventures_Acquisition_Corp.	Financial	Shell_Companies	USA	-
AKO-A	Embotelladora_Andina_S.A.	Consumer_Defensive	Beverages_-_Non-Alcoholic	Chile	1.68B
AKO-B	Embotelladora_Andina_S.A.	Consumer_Defensive	Beverages_-_Non-Alcoholic	Chile	1.76B
AKR	Acadia_Realty_Trust	Real_Estate	REIT_-_Retail	USA	1.67B
AKRO	Akero_Therapeutics,_Inc.	Healthcare	Biotechnology	USA	618.37M
AKTS	Akoustis_Technologies,_Inc.	Technology	Communication_Equipment	USA	269.85M
AKTX	Akari_Therapeutics,_Plc	Healthcare	Biotechnology	United_Kingdom	67.50M
AKUS	Akouos,_Inc.	Healthcare	Biotechnology	USA	204.19M
AKYA	Akoya_Biosciences,_Inc.	Healthcare	Medical_Instruments_&_Supplies	USA	407.63M
AL	Air_Lease_Corporation	Industrials	Rental_&_Leasing_Services	USA	4.41B
ALAC	Alberton_Acquisition_Corporation	Financial	Shell_Companies	Hong_Kong	53.22M
ALB	Albemarle_Corporation	Basic_Materials	Specialty_Chemicals	USA	25.17B
ALBO	Albireo_Pharma,_Inc.	Healthcare	Biotechnology	USA	559.62M
ALC	Alcon_Inc.	Healthcare	Medical_Instruments_&_Supplies	Switzerland	37.85B
ALCC	AltC_Acquisition_Corp.	Financial	Shell_Companies	USA	501.64M
ALCO	Alico,_Inc.	Consumer_Defensive	Farm_Products	USA	250.26M
ALDX	Aldeyra_Therapeutics,_Inc.	Healthcare	Biotechnology	USA	195.48M
ALE	ALLETE,_Inc.	Utilities	Utilities_-_Diversified	USA	3.27B
ALEC	Alector,_Inc.	Healthcare	Biotechnology	USA	1.23B
ALEX	Alexander_&_Baldwin,_Inc.	Real_Estate	REIT_-_Diversified	USA	1.56B
ALF	Alfi,_Inc.	Technology	Software_-_Infrastructure	USA	27.33M
ALFA	ETF_Series_Solutions_-_AlphaClone_Alternative_Alpha_ETF	Financial	Exchange_Traded_Fund	USA	-
ALG	Alamo_Group_Inc.	Industrials	Farm_&_Heavy_Construction_Machinery	USA	1.63B
ALGM	Allegro_MicroSystems,_Inc.	Technology	Semiconductors	USA	5.13B
ALGN	Align_Technology,_Inc.	Healthcare	Medical_Devices	USA	37.93B
ALGS	Aligos_Therapeutics,_Inc.	Healthcare	Biotechnology	USA	129.93M
ALGT	Allegiant_Travel_Company	Industrials	Airlines	USA	3.14B
ALHC	Alignment_Healthcare,_Inc.	Healthcare	Healthcare_Plans	USA	1.44B
ALIM	Alimera_Sciences,_Inc.	Healthcare	Drug_Manufacturers_-_Specialty_&_Generic	USA	26.75M
ALIT	Alight,_Inc.	Technology	Software_-_Application	USA	5.09B
ALJJ	ALJ_Regional_Holdings,_Inc.	Industrials	Specialty_Business_Services	USA	94.01M
ALK	Alaska_Air_Group,_Inc.	Industrials	Airlines	USA	6.75B
ALKS	Alkermes_plc	Healthcare	Biotechnology	Ireland	3.75B
ALKT	Alkami_Technology,_Inc.	Technology	Software_-_Application	USA	1.28B
ALL	The_Allstate_Corporation	Financial	Insurance_-_Property_&_Casualty	USA	34.83B
ALLE	Allegion_plc	Industrials	Security_&_Protection_Services	Ireland	10.63B
ALLK	Allakos_Inc.	Healthcare	Biotechnology	USA	344.59M
ALLO	Allogene_Therapeutics,_Inc.	Healthcare	Biotechnology	USA	1.55B
ALLR	Allarity_Therapeutics,_Inc.	Healthcare	Biotechnology	USA	67.11M
ALLT	Allot_Ltd.	Technology	Communication_Equipment	Israel	312.82M
ALLY	Ally_Financial_Inc.	Financial	Credit_Services	USA	16.95B
ALNA	Allena_Pharmaceuticals,_Inc.	Healthcare	Biotechnology	USA	30.36M
ALNY	Alnylam_Pharmaceuticals,_Inc.	Healthcare	Biotechnology	USA	16.75B
ALOT	AstroNova,_Inc.	Technology	Computer_Hardware	USA	98.72M
ALPN	Alpine_Immune_Sciences,_Inc.	Healthcare	Biotechnology	USA	213.81M
ALPP	Alpine_4_Holdings,_Inc.	Industrials	Metal_Fabrication	USA	233.48M
ALRM	Alarm.com_Holdings,_Inc.	Technology	Software_-_Application	USA	3.44B
ALRN	Aileron_Therapeutics,_Inc.	Healthcare	Biotechnology	USA	40.46M
ALRS	Alerus_Financial_Corporation	Financial	Banks_-_Regional	USA	490.38M
ALSAU	Alpha_Star_Acquisition_Corporation	Financial	Shell_Companies	USA	-
ALSN	Allison_Transmission_Holdings,_Inc.	Consumer_Cyclical	Auto_Parts	USA	4.05B
ALT	Altimmune,_Inc.	Healthcare	Biotechnology	USA	276.07M
ALTG	Alta_Equipment_Group_Inc.	Industrials	Rental_&_Leasing_Services	USA	419.97M
ALTL	Pacer_Lunt_Large_Cap_Alternator_ETF	Financial	Exchange_Traded_Fund	USA	-
ALTM	Altus_Midstream_Company	Energy	Oil_&_Gas_Midstream	USA	1.07B
ALTO	Alto_Ingredients,_Inc.	Basic_Materials	Specialty_Chemicals	USA	379.23M
ALTR	Altair_Engineering_Inc.	Technology	Software_-_Infrastructure	USA	4.63B
ALTU	Altitude_Acquisition_Corp.	Financial	Shell_Companies	USA	371.65M
ALTUU	Altitude_Acquisition_Corp.	Financial	Shell_Companies	USA	-
ALTY	Global_X_Alternative_Income_ETF	Financial	Exchange_Traded_Fund	USA	-
ALV	Autoliv,_Inc.	Consumer_Cyclical	Auto_Parts	Sweden	8.81B
ALVR	AlloVir,_Inc.	Healthcare	Biotechnology	USA	471.71M
ALX	Alexander's,_Inc.	Real_Estate	REIT_-_Retail	USA	1.31B
ALXO	ALX_Oncology_Holdings_Inc.	Healthcare	Biotechnology	USA	523.40M
ALYA	Alithya_Group_Inc.	Technology	Information_Technology_Services	Canada	318.79M
ALZN	Alzamend_Neuro,_Inc.	Healthcare	Biotechnology	USA	115.79M
AM	Antero_Midstream_Corporation	Energy	Oil_&_Gas_Midstream	USA	4.96B
AMAL	Amalgamated_Financial_Corp.	Financial	Banks_-_Regional	USA	553.26M
AMAM	Ambrx_Biopharma_Inc.	Healthcare	Biotechnology	USA	167.68M
AMAO	American_Acquisition_Opportunity_Inc.	Financial	Shell_Companies	USA	135.89M
AMAT	Applied_Materials,_Inc.	Technology	Semiconductor_Equipment_&_Materials	USA	118.36B
AMBA	Ambarella,_Inc.	Technology	Semiconductor_Equipment_&_Materials	USA	5.05B
AMBC	Ambac_Financial_Group,_Inc.	Financial	Insurance_-_Specialty	USA	669.05M
AMBO	Ambow_Education_Holding_Ltd.	Consumer_Defensive	Education_&_Training_Services	China	17.75M
AMBP	Ardagh_Metal_Packaging_S.A.	Consumer_Cyclical	Packaging_&_Containers	Luxembourg	5.35B
AMC	AMC_Entertainment_Holdings,_Inc.	Communication_Services	Entertainment	USA	7.61B
AMCR	Amcor_plc	Consumer_Cyclical	Packaging_&_Containers	Switzerland	17.52B
AMCX	AMC_Networks_Inc.	Communication_Services	Broadcasting	USA	1.63B
AMD	Advanced_Micro_Devices,_Inc.	Technology	Semiconductors	USA	145.52B
AME	AMETEK,_Inc.	Industrials	Specialty_Industrial_Machinery	USA	30.53B
AMED	Amedisys,_Inc.	Healthcare	Medical_Care_Facilities	USA	4.26B
AMEH	Apollo_Medical_Holdings,_Inc.	Healthcare	Medical_Care_Facilities	USA	2.64B
AMG	Affiliated_Managers_Group,_Inc.	Financial	Asset_Management	USA	5.87B
AMGN	Amgen_Inc.	Healthcare	Drug_Manufacturers_-_General	USA	122.30B
AMH	American_Homes_4_Rent	Real_Estate	REIT_-_Residential	USA	13.76B
AMJ	JPMorgan_Alerian_MLP_Index_ETN	Financial	Exchange_Traded_Fund	USA	-
AMK	AssetMark_Financial_Holdings,_Inc.	Financial	Asset_Management	USA	1.73B
AMKR	Amkor_Technology,_Inc.	Technology	Semiconductors	USA	4.96B
AMLP	Alerian_MLP_ETF	Financial	Exchange_Traded_Fund	USA	-
AMN	AMN_Healthcare_Services,_Inc.	Healthcare	Medical_Care_Facilities	USA	4.89B
AMNB	American_National_Bankshares_Inc.	Financial	Banks_-_Regional	USA	416.70M
AMOT	Allied_Motion_Technologies_Inc.	Technology	Electronic_Components	USA	511.23M
AMP	Ameriprise_Financial,_Inc.	Financial	Asset_Management	USA	35.12B
AMPE	Ampio_Pharmaceuticals,_Inc.	Healthcare	Biotechnology	USA	108.53M
AMPG	AmpliTech_Group,_Inc.	Technology	Communication_Equipment	USA	23.53M
AMPH	Amphastar_Pharmaceuticals,_Inc.	Healthcare	Drug_Manufacturers_-_Specialty_&_Generic	USA	1.15B
AMPL	Amplitude,_Inc.	Technology	Software_-_Application	USA	3.75B
AMPS	Altus_Power,_Inc.	Utilities	Utilities_-_Renewable	USA	1.08B
AMPY	Amplify_Energy_Corp.	Energy	Oil_&_Gas_E&P	USA	162.34M
AMR	Alpha_Metallurgical_Resources,_Inc.	Basic_Materials	Coking_Coal	USA	1.37B
AMRC	Ameresco,_Inc.	Industrials	Engineering_&_Construction	USA	2.32B
AMRK	A-Mark_Precious_Metals,_Inc.	Financial	Capital_Markets	USA	712.64M
AMRN	Amarin_Corporation_plc	Healthcare	Biotechnology	Ireland	1.42B
AMRS	Amyris,_Inc.	Basic_Materials	Specialty_Chemicals	USA	1.21B
AMRX	Amneal_Pharmaceuticals,_Inc.	Healthcare	Drug_Manufacturers_-_Specialty_&_Generic	USA	1.36B
AMS	American_Shared_Hospital_Services	Healthcare	Medical_Care_Facilities	USA	13.26M
AMSC	American_Superconductor_Corporation	Industrials	Specialty_Industrial_Machinery	USA	228.94M
AMSF	AMERISAFE,_Inc.	Financial	Insurance_-_Specialty	USA	988.23M
AMST	Amesite_Inc.	Technology	Software_-_Application	USA	18.73M
AMSWA	American_Software,_Inc.	Technology	Software_-_Application	USA	707.96M
AMT	American_Tower_Corporation	Real_Estate	REIT_-_Specialty	USA	107.52B
AMTB	Amerant_Bancorp_Inc.	Financial	Banks_-_Regional	USA	1.29B
AMTI	Applied_Molecular_Transport_Inc.	Healthcare	Biotechnology	USA	288.93M
AMTX	Aemetis,_Inc.	Energy	Oil_&_Gas_Refining_&_Marketing	USA	293.21M
AMUB	UBS_ETRACS_Alerian_MLP_Index_ETN_Series_B	Financial	Exchange_Traded_Fund	USA	-
AMWD	American_Woodmark_Corporation	Consumer_Cyclical	Furnishings,_Fixtures_&_Appliances	USA	894.14M
AMWL	American_Well_Corporation	Healthcare	Health_Information_Services	USA	1.09B
AMX	America_Movil,_S.A.B._de_C.V.	Communication_Services	Telecom_Services	Mexico	59.17B
AMYT	Amryt_Pharma_plc	Healthcare	Drug_Manufacturers_-_Specialty_&_Generic	Ireland	620.79M
AMZA	InfraCap_MLP_ETF	Financial	Exchange_Traded_Fund	USA	-
AMZN	Amazon.com,_Inc.	Consumer_Cyclical	Internet_Retail	USA	1550.73B
AN	AutoNation,_Inc.	Consumer_Cyclical	Auto_&_Truck_Dealerships	USA	6.61B
ANAB	AnaptysBio,_Inc.	Healthcare	Biotechnology	USA	827.23M
ANAT	American_National_Group,_Inc.	Financial	Insurance_-_Diversified	USA	5.09B
ANDE	The_Andersons,_Inc.	Consumer_Defensive	Food_Distribution	USA	1.21B
ANEB	Anebulo_Pharmaceuticals,_Inc.	Healthcare	Biotechnology	USA	167.42M
ANET	Arista_Networks,_Inc.	Technology	Computer_Hardware	USA	36.88B
ANF	Abercrombie_&_Fitch_Co.	Consumer_Cyclical	Apparel_Retail	USA	2.14B
ANGI	Angi_Inc.	Communication_Services	Internet_Content_&_Information	USA	4.00B
ANGL	VanEck_Vectors_Fallen_Angel_High_Yield_Bond_ETF	Financial	Exchange_Traded_Fund	USA	-
ANGN	Angion_Biomedica_Corp.	Healthcare	Biotechnology	USA	67.10M
ANGO	AngioDynamics,_Inc.	Healthcare	Medical_Instruments_&_Supplies	USA	775.87M
ANIK	Anika_Therapeutics,_Inc.	Healthcare	Biotechnology	USA	436.05M
ANIP	ANI_Pharmaceuticals,_Inc.	Healthcare	Drug_Manufacturers_-_Specialty_&_Generic	USA	660.73M
ANIX	Anixa_Biosciences,_Inc.	Healthcare	Diagnostics_&_Research	USA	91.54M
ANNX	Annexon,_Inc.	Healthcare	Biotechnology	USA	271.09M
ANPC	AnPac_Bio-Medical_Science_Co.,_Ltd.	Healthcare	Biotechnology	China	14.94M
ANSS	ANSYS,_Inc.	Technology	Software_-_Application	USA	27.35B
ANTE	AirNet_Technology_Inc.	Communication_Services	Advertising_Agencies	China	27.04M
ANTM	Anthem,_Inc.	Healthcare	Healthcare_Plans	USA	106.78B
ANVS	Annovis_Bio,_Inc.	Healthcare	Biotechnology	USA	113.64M
ANY	Sphere_3D_Corp.	Technology	Software_-_Application	Canada	173.92M
ANZUU	Anzu_Special_Acquisition_Corp_I	Financial	Shell_Companies	USA	-
AOA	iShares_Core_Aggressive_Allocation_ETF	Financial	Exchange_Traded_Fund	USA	-
AOD	Aberdeen_Total_Dynamic_Dividend_Fund	Financial	Closed-End_Fund_-_Foreign	USA	1.04B
AOK	iShares_Core_Conservative_Allocation_ETF	Financial	Exchange_Traded_Fund	USA	-
AOM	iShares_Core_Moderate_Allocation_ETF	Financial	Exchange_Traded_Fund	USA	-
AOMR	Angel_Oak_Mortgage,_Inc.	Real_Estate	REIT_-_Mortgage	USA	431.69M
AON	Aon_plc	Financial	Insurance_Brokers	Ireland	62.21B
AOR	iShares_Core_Growth_Allocation_ETF	Financial	Exchange_Traded_Fund	USA	-
AOS	A._O._Smith_Corporation	Industrials	Specialty_Industrial_Machinery	USA	11.77B
AOSL	Alpha_and_Omega_Semiconductor_Limited	Technology	Semiconductors	USA	1.22B
AOUT	American_Outdoor_Brands,_Inc.	Consumer_Cyclical	Leisure	USA	234.32M
AP	Ampco-Pittsburgh_Corporation	Industrials	Metal_Fabrication	USA	110.41M
APA	APA_Corporation	Energy	Oil_&_Gas_E&P	USA	12.45B
APAC	StoneBridge_Acquisition_Corporation	Financial	Shell_Companies	USA	198.40M
APAM	Artisan_Partners_Asset_Management_Inc.	Financial	Asset_Management	USA	3.25B
APCX	AppTech_Payments_Corp.	Technology	Software_-_Infrastructure	USA	216.57M
APD	Air_Products_and_Chemicals,_Inc.	Basic_Materials	Chemicals	USA	57.95B
APDN	Applied_DNA_Sciences,_Inc.	Healthcare	Diagnostics_&_Research	USA	27.50M
APEI	American_Public_Education,_Inc.	Consumer_Defensive	Education_&_Training_Services	USA	361.95M
APEN	Apollo_Endosurgery,_Inc.	Healthcare	Medical_Devices	USA	207.62M
APG	APi_Group_Corporation	Industrials	Engineering_&_Construction	USA	4.70B
APGB	Apollo_Strategic_Growth_Capital_II	Financial	Shell_Companies	USA	841.83M
APH	Amphenol_Corporation	Technology	Electronic_Components	USA	45.83B
API	Agora,_Inc.	Technology	Software_-_Application	China	1.22B
APLE	Apple_Hospitality_REIT,_Inc.	Real_Estate	REIT_-_Hotel_&_Motel	USA	3.68B
APLS	Apellis_Pharmaceuticals,_Inc.	Healthcare	Biotechnology	USA	3.87B
APLT	Applied_Therapeutics,_Inc.	Healthcare	Biotechnology	USA	72.55M
APM	Aptorum_Group_Limited	Healthcare	Biotechnology	United_Kingdom	70.90M
APN	Apeiron_Capital_Investment_Corp.	Financial	Shell_Companies	USA	171.81M
APO	Apollo_Global_Management,_Inc.	Financial	Asset_Management	USA	41.00B
APOG	Apogee_Enterprises,_Inc.	Industrials	Building_Products_&_Equipment	USA	1.11B
APP	AppLovin_Corporation	Technology	Software_-_Application	USA	25.31B
APPF	AppFolio,_Inc.	Technology	Software_-_Application	USA	3.91B
APPH	AppHarvest,_Inc.	Consumer_Defensive	Farm_Products	USA	286.76M
APPN	Appian_Corporation	Technology	Software_-_Infrastructure	USA	3.79B
APPS	Digital_Turbine,_Inc.	Technology	Software_-_Application	USA	3.94B
APR	Apria,_Inc.	Healthcare	Medical_Instruments_&_Supplies	USA	1.32B
APRE	Aprea_Therapeutics,_Inc.	Healthcare	Biotechnology	USA	42.25M
APRN	Blue_Apron_Holdings,_Inc.	Consumer_Cyclical	Internet_Retail	USA	177.94M
APSG	Apollo_Strategic_Growth_Capital	Financial	Shell_Companies	USA	1.01B
APT	Alpha_Pro_Tech,_Ltd.	Industrials	Building_Products_&_Equipment	Canada	60.63M
APTO	Aptose_Biosciences_Inc.	Healthcare	Biotechnology	Canada	103.36M
APTS	Preferred_Apartment_Communities	Real_Estate	REIT_-_Residential	USA	907.04M
APTV	Aptiv_PLC	Consumer_Cyclical	Auto_Parts	Ireland	36.04B
APTX	Aptinyx_Inc.	Healthcare	Biotechnology	USA	208.55M
APVO	Aptevo_Therapeutics_Inc.	Healthcare	Biotechnology	USA	26.28M
APWC	Asia_Pacific_Wire_&_Cable_Corporation_Limited	Industrials	Electrical_Equipment_&_Parts	Taiwan	21.54M
APXIU	APx_Acquisition_Corp._I_Unit	Financial	Shell_Companies	Mexico	-
APYX	Apyx_Medical_Corporation	Healthcare	Medical_Devices	USA	357.15M
AQB	AquaBounty_Technologies,_Inc.	Consumer_Defensive	Farm_Products	USA	111.49M
AQMS	Aqua_Metals,_Inc.	Industrials	Waste_Management	USA	74.53M
AQN	Algonquin_Power_&_Utilities_Corp.	Utilities	Utilities_-_Renewable	Canada	11.92B
AQNU	Algonquin_Power_&_Utilities_Corp.	Utilities	Utilities_-_Renewable	Canada	-
AQST	Aquestive_Therapeutics,_Inc.	Healthcare	Biotechnology	USA	105.23M
AQUA	Evoqua_Water_Technologies_Corp.	Industrials	Pollution_&_Treatment_Controls	USA	4.83B
AR	Antero_Resources_Corporation	Energy	Oil_&_Gas_E&P	USA	6.21B
ARAV	Aravive,_Inc.	Healthcare	Biotechnology	USA	50.86M
ARAY	Accuray_Incorporated	Healthcare	Medical_Devices	USA	326.34M
ARBE	Arbe_Robotics_Ltd.	Technology	Software_-_Infrastructure	Israel	465.58M
ARBGU	Aequi_Acquisition_Corp.	Financial	Shell_Companies	USA	-
ARBK	Argo_Blockchain_plc	Financial	Capital_Markets	United_Kingdom	486.81M
ARC	ARC_Document_Solutions,_Inc.	Industrials	Specialty_Business_Services	USA	141.04M
ARCB	ArcBest_Corporation	Industrials	Trucking	USA	2.24B
ARCC	Ares_Capital_Corporation	Financial	Asset_Management	USA	10.21B
ARCE	Arco_Platform_Limited	Consumer_Defensive	Education_&_Training_Services	Brazil	1.19B
ARCH	Arch_Resources,_Inc.	Energy	Thermal_Coal	USA	1.62B
ARCK	Arbor_Rapha_Capital_Bioholdings_Corp._I	Financial	Shell_Companies	USA	172.15M
ARCKU	Arbor_Rapha_Capital_Bioholdings_Corp._I	Financial	Shell_Companies	USA	-
ARCO	Arcos_Dorados_Holdings_Inc.	Consumer_Cyclical	Restaurants	Uruguay	1.37B
ARCT	Arcturus_Therapeutics_Holdings_Inc.	Healthcare	Biotechnology	USA	616.22M
ARDC	Ares_Dynamic_Credit_Allocation_Fund,_Inc.	Financial	Asset_Management	USA	356.10M
ARDS	Aridis_Pharmaceuticals,_Inc.	Healthcare	Biotechnology	USA	34.25M
ARDX	Ardelyx,_Inc.	Healthcare	Biotechnology	USA	87.83M
ARE	Alexandria_Real_Estate_Equities,_Inc.	Real_Estate	REIT_-_Office	USA	31.72B
AREC	American_Resources_Corporation	Energy	Thermal_Coal	USA	108.59M
ARES	Ares_Management_Corporation	Financial	Asset_Management	USA	22.64B
ARGO	Argo_Group_International_Holdings,_Ltd.	Financial	Insurance_-_Property_&_Casualty	Bermuda	1.93B
ARGT	Global_X_MSCI_Argentina_ETF	Financial	Exchange_Traded_Fund	USA	-
ARGX	argenx_SE	Healthcare	Biotechnology	Netherlands	14.94B
ARHS	Arhaus,_Inc.	Consumer_Cyclical	Home_Improvement_Retail	USA	1.15B
ARI	Apollo_Commercial_Real_Estate_Finance,_Inc.	Real_Estate	REIT_-_Mortgage	USA	1.83B
ARIS	Aris_Water_Solutions,_Inc.	Utilities	Utilities_-_Regulated_Water	USA	687.03M
ARKF	ARK_Fintech_Innovation_ETF	Financial	Exchange_Traded_Fund	USA	-
ARKG	ARK_Genomic_Revolution_ETF	Financial	Exchange_Traded_Fund	USA	-
ARKK	ARK_Innovation_ETF	Financial	Exchange_Traded_Fund	USA	-
ARKO	Arko_Corp.	Consumer_Defensive	Grocery_Stores	USA	1.01B
ARKOW	Arko_Corp.	Consumer_Defensive	Grocery_Stores	USA	-
ARKQ	ARK_Autonomous_Technology_&_Robotics_ETF	Financial	Exchange_Traded_Fund	USA	-
ARKR	Ark_Restaurants_Corp.	Consumer_Cyclical	Restaurants	USA	57.80M
ARKW	ARK_Next_Generation_Internet_ETF	Financial	Exchange_Traded_Fund	USA	-
ARKX	Ark_ETF_Trust_-_ARK_Space_Exploration_&_Innovation_ETF	Financial	Exchange_Traded_Fund	USA	-
ARL	American_Realty_Investors,_Inc.	Real_Estate	Real_Estate_-_Development	USA	251.02M
ARLO	Arlo_Technologies,_Inc.	Industrials	Security_&_Protection_Services	USA	672.15M
ARLP	Alliance_Resource_Partners,_L.P.	Energy	Thermal_Coal	USA	1.68B
ARMK	Aramark	Consumer_Cyclical	Restaurants	USA	9.02B
ARMP	Armata_Pharmaceuticals_Inc.	Healthcare	Biotechnology	USA	144.18M
ARMR	Armor_US_Equity_Index_ETF	Financial	Exchange_Traded_Fund	USA	-
ARNA	Arena_Pharmaceuticals,_Inc.	Healthcare	Biotechnology	USA	5.55B
ARNC	Arconic_Corporation	Industrials	Metal_Fabrication	USA	3.15B
AROC	Archrock,_Inc.	Energy	Oil_&_Gas_Equipment_&_Services	USA	1.29B
AROW	Arrow_Financial_Corporation	Financial	Banks_-_Regional	USA	594.50M
ARQQ	Arqit_Quantum_Inc.	Technology	Software_-_Infrastructure	United_Kingdom	1.87B
ARQT	Arcutis_Biotherapeutics,_Inc.	Healthcare	Biotechnology	USA	730.13M
ARR	ARMOUR_Residential_REIT,_Inc.	Real_Estate	REIT_-_Mortgage	USA	809.06M
ARRW	Arrowroot_Acquisition_Corp.	Financial	Shell_Companies	USA	348.91M
ARRWU	Arrowroot_Acquisition_Corp.	Financial	Shell_Companies	USA	-
ARRY	Array_Technologies,_Inc.	Technology	Solar	USA	1.25B
ARTA	Artisan_Acquisition_Corp.	Financial	Shell_Companies	Cayman_Islands	336.29M
ARTE	Artemis_Strategic_Investment_Corporation	Financial	Shell_Companies	USA	197.23M
ARTEU	Artemis_Strategic_Investment_Corporation	Financial	Shell_Companies	USA	-
ARTL	Artelo_Biosciences,_Inc.	Healthcare	Biotechnology	USA	16.51M
ARTNA	Artesian_Resources_Corporation	Utilities	Utilities_-_Regulated_Water	USA	420.81M
ARTW	Art's-Way_Manufacturing_Co.,_Inc.	Industrials	Farm_&_Heavy_Construction_Machinery	USA	15.14M
ARVL	Arrival	Consumer_Cyclical	Auto_Manufacturers	Luxembourg	2.56B
ARVN	Arvinas,_Inc.	Healthcare	Biotechnology	USA	3.63B
ARW	Arrow_Electronics,_Inc.	Technology	Electronics_&_Computer_Distribution	USA	8.70B
ARWR	Arrowhead_Pharmaceuticals,_Inc.	Healthcare	Biotechnology	USA	5.00B
ARYD	ARYA_Sciences_Acquisition_Corp_IV	Financial	Shell_Companies	USA	190.56M
ASA	ASA_Gold_and_Precious_Metals_Limited	Financial	Asset_Management	USA	392.55M
ASAI	Sendas_Distribuidora_S.A.	Consumer_Defensive	Grocery_Stores	Brazil	3.30B
ASAN	Asana,_Inc.	Technology	Software_-_Application	USA	8.49B
ASAXU	Astrea_Acquisition_Corp.	Financial	Shell_Companies	USA	-
ASB	Associated_Banc-Corp	Financial	Banks_-_Regional	USA	3.72B
ASC	Ardmore_Shipping_Corporation	Energy	Oil_&_Gas_Midstream	Bermuda	124.87M
ASEA	Global_X_FTSE_Southeast_Asia_ETF	Financial	Exchange_Traded_Fund	USA	-
ASET	FlexShares_Real_Assets_Allocation_Index_Fund	Financial	Exchange_Traded_Fund	USA	-
ASG	Liberty_All-Star_Growth_Fund,_Inc.	Financial	Closed-End_Fund_-_Equity	USA	380.22M
ASGI	Aberdeen_Standard_Global_Infrastructure_Income_Fund	Financial	Exchange_Traded_Fund	USA	-
ASGN	ASGN_Incorporated	Industrials	Staffing_&_Employment_Services	USA	5.95B
ASH	Ashland_Global_Holdings_Inc.	Basic_Materials	Chemicals	USA	5.37B
ASHR	Xtrackers_Harvest_CSI_300_China_A-Shares_ETF	Financial	Exchange_Traded_Fund	USA	-
ASHS	Xtrackers_Harvest_CSI_500_China-A_Shares_Small_Cap_ETF	Financial	Exchange_Traded_Fund	USA	-
ASIX	AdvanSix_Inc.	Basic_Materials	Chemicals	USA	1.15B
ASLE	AerSale_Corporation	Industrials	Airports_&_Air_Services	USA	630.25M
ASLN	ASLAN_Pharmaceuticals_Limited	Healthcare	Biotechnology	Singapore	69.58M
ASM	Avino_Silver_&_Gold_Mines_Ltd.	Basic_Materials	Silver	Canada	97.08M
ASMB	Assembly_Biosciences,_Inc.	Healthcare	Biotechnology	USA	80.85M
ASML	ASML_Holding_N.V.	Technology	Semiconductor_Equipment_&_Materials	Netherlands	267.09B
ASND	Ascendis_Pharma_A/S	Healthcare	Biotechnology	Denmark	6.60B
ASO	Academy_Sports_and_Outdoors,_Inc.	Consumer_Cyclical	Specialty_Retail	USA	3.19B
ASPCU	Alpha_Capital_Acquisition_Company	Financial	Shell_Companies	USA	-
ASPN	Aspen_Aerogels,_Inc.	Industrials	Building_Products_&_Equipment	USA	879.93M
ASPS	Altisource_Portfolio_Solutions_S.A.	Financial	Mortgage_Finance	Luxembourg	167.64M
ASPU	Aspen_Group,_Inc.	Consumer_Defensive	Education_&_Training_Services	USA	49.08M
ASR	Grupo_Aeroportuario_del_Sureste,_S._A._B._de_C._V.	Industrials	Airports_&_Air_Services	Mexico	5.99B
ASRT	Assertio_Holdings,_Inc.	Healthcare	Drug_Manufacturers_-_Specialty_&_Generic	USA	119.45M
ASRV	AmeriServ_Financial,_Inc.	Financial	Banks_-_Regional	USA	73.43M
ASTC	Astrotech_Corporation	Industrials	Aerospace_&_Defense	USA	33.16M
ASTE	Astec_Industries,_Inc.	Industrials	Farm_&_Heavy_Construction_Machinery	USA	1.39B
ASTL	Algoma_Steel_Group_Inc.	Basic_Materials	Steel	Canada	952.89M
ASTR	Astra_Space,_Inc.	Industrials	Aerospace_&_Defense	USA	1.37B
ASTS	AST_SpaceMobile,_Inc.	Communication_Services	Telecom_Services	USA	1.01B
ASUR	Asure_Software,_Inc.	Technology	Software_-_Application	USA	140.09M
ASX	ASE_Technology_Holding_Co.,_Ltd.	Technology	Semiconductors	Taiwan	16.28B
ASXC	Asensus_Surgical,_Inc.	Healthcare	Medical_Devices	USA	178.10M
ASYS	Amtech_Systems,_Inc.	Technology	Semiconductor_Equipment_&_Materials	USA	116.19M
ASZ	Austerlitz_Acquisition_Corporation_II	Financial	Shell_Companies	USA	1.34B
ATAI	Atai_Life_Sciences_N.V.	Healthcare	Biotechnology	Germany	822.33M
ATAX	America_First_Multifamily_Investors,_L.P.	Financial	Mortgage_Finance	USA	427.88M
ATC	Atotech_Limited	Technology	Electronic_Components	United_Kingdom	4.63B
ATCO	Atlas_Corp.	Financial	Asset_Management	United_Kingdom	3.69B
ATCX	Atlas_Technical_Consultants,_Inc.	Industrials	Engineering_&_Construction	USA	351.15M
ATEC	Alphatec_Holdings,_Inc.	Healthcare	Medical_Devices	USA	970.50M
ATEN	A10_Networks,_Inc.	Technology	Software_-_Infrastructure	USA	1.08B
ATER	Aterian,_Inc.	Consumer_Cyclical	Furnishings,_Fixtures_&_Appliances	USA	163.81M
ATEX	Anterix_Inc.	Communication_Services	Telecom_Services	USA	985.01M
ATFV	Alger_ETF_Trust_-_Alger_25_ETF	Financial	Exchange_Traded_Fund	USA	-
ATGE	Adtalem_Global_Education_Inc.	Consumer_Defensive	Education_&_Training_Services	USA	1.41B
ATHA	Athira_Pharma,_Inc.	Healthcare	Biotechnology	USA	356.78M
ATHE	Alterity_Therapeutics_Limited	Healthcare	Biotechnology	Australia	34.89M
ATHM	Autohome_Inc.	Communication_Services	Internet_Content_&_Information	China	3.97B
ATHX	Athersys,_Inc.	Healthcare	Biotechnology	USA	206.01M
ATI	Allegheny_Technologies_Incorporated	Industrials	Metal_Fabrication	USA	2.92B
ATIF	ATIF_Holdings_Limited	Financial	Capital_Markets	China	35.71M
ATIP	ATI_Physical_Therapy,_Inc.	Healthcare	Medical_Care_Facilities	USA	593.72M
ATKR	Atkore_Inc.	Industrials	Specialty_Industrial_Machinery	USA	4.54B
ATLC	Atlanticus_Holdings_Corporation	Financial	Credit_Services	USA	943.47M
ATLCP	Atlanticus_Holdings_Corporation	Financial	Credit_Services	USA	-
ATLO	Ames_National_Corporation	Financial	Banks_-_Regional	USA	220.29M
ATMP	Barclays_ETN+_Select_MLP_ETN	Financial	Exchange_Traded_Fund	USA	-
ATNF	180_Life_Sciences_Corp.	Healthcare	Biotechnology	USA	109.28M
ATNI	ATN_International,_Inc.	Communication_Services	Telecom_Services	USA	554.19M
ATNM	Actinium_Pharmaceuticals,_Inc.	Healthcare	Biotechnology	USA	110.89M
ATNX	Athenex,_Inc.	Healthcare	Drug_Manufacturers_-_Specialty_&_Generic	USA	100.03M
ATO	Atmos_Energy_Corporation	Utilities	Utilities_-_Regulated_Gas	USA	13.87B
ATOM	Atomera_Incorporated	Technology	Semiconductor_Equipment_&_Materials	USA	310.46M
ATOS	Atossa_Therapeutics,_Inc.	Healthcare	Biotechnology	USA	158.28M
ATR	AptarGroup,_Inc.	Consumer_Cyclical	Packaging_&_Containers	USA	7.50B
ATRA	Atara_Biotherapeutics,_Inc.	Healthcare	Biotechnology	USA	1.24B
ATRC	AtriCure,_Inc.	Healthcare	Medical_Instruments_&_Supplies	USA	2.88B
ATRI	Atrion_Corporation	Healthcare	Medical_Instruments_&_Supplies	USA	1.13B
ATRO	Astronics_Corporation	Industrials	Aerospace_&_Defense	USA	354.49M
ATRS	Antares_Pharma,_Inc.	Healthcare	Medical_Instruments_&_Supplies	USA	570.61M
ATSG	Air_Transport_Services_Group,_Inc.	Industrials	Integrated_Freight_&_Logistics	USA	1.94B
ATSPT	Archimedes_Tech_SPAC_Partners_Co.	Financial	Shell_Companies	USA	-
ATSPU	Archimedes_Tech_SPAC_Partners_Co.	Financial	Shell_Companies	USA	174.60M
ATTO	Atento_S.A.	Industrials	Specialty_Business_Services	Luxembourg	371.97M
ATUS	Altice_USA,_Inc.	Communication_Services	Telecom_Services	USA	4.02B
ATVCU	Tribe_Capital_Growth_Corp_I	Financial	Shell_Companies	USA	-
ATVI	Activision_Blizzard,_Inc.	Communication_Services	Electronic_Gaming_&_Multimedia	USA	61.54B
ATXI	Avenue_Therapeutics,_Inc.	Healthcare	Biotechnology	USA	13.77M
ATXS	Astria_Therapeutics,_Inc.	Healthcare	Biotechnology	USA	75.50M
ATY	AcuityAds_Holdings_Inc.	Communication_Services	Internet_Content_&_Information	Canada	171.60M
AU	AngloGold_Ashanti_Limited	Basic_Materials	Gold	South_Africa	8.18B
AUB	Atlantic_Union_Bankshares_Corporation	Financial	Banks_-_Regional	USA	2.99B
AUBN	Auburn_National_Bancorporation,_Inc.	Financial	Banks_-_Regional	USA	117.15M
AUD	Audacy,_Inc.	Communication_Services	Broadcasting	USA	309.81M
AUDC	AudioCodes_Ltd.	Technology	Communication_Equipment	Israel	890.65M
AUID	Ipsidy_Inc.	Technology	Software_-_Infrastructure	USA	147.74M
AUMN	Golden_Minerals_Company	Basic_Materials	Other_Precious_Metals_&_Mining	USA	58.87M
AUPH	Aurinia_Pharmaceuticals_Inc.	Healthcare	Biotechnology	Canada	2.14B
AUR	Aurora_Innovation,_Inc.	Technology	Information_Technology_Services	USA	6.39B
AURA	Aura_Biosciences,_Inc.	Healthcare	Biotechnology	USA	526.96M
AURCU	Aurora_Acquisition_Corp.	Financial	Shell_Companies	United_Kingdom	-
AUS	Austerlitz_Acquisition_Corporation_I	Financial	Shell_Companies	USA	960.06M
AUSF	Global_X_Adaptive_U.S._Factor_ETF	Financial	Exchange_Traded_Fund	USA	-
AUTL	Autolus_Therapeutics_plc	Healthcare	Biotechnology	United_Kingdom	314.37M
AUTO	AutoWeb,_Inc.	Communication_Services	Internet_Content_&_Information	USA	37.41M
AUUD	Auddia_Inc.	Technology	Software_-_Application	USA	21.86M
AUVI	Applied_UV,_Inc.	Consumer_Cyclical	Furnishings,_Fixtures_&_Appliances	USA	14.71M
AUY	Yamana_Gold_Inc.	Basic_Materials	Gold	Canada	3.87B
AVA	Avista_Corporation	Utilities	Utilities_-_Diversified	USA	3.09B
AVAC	Avalon_Acquisition_Inc.	Financial	Shell_Companies	USA	257.18M
AVACU	Avalon_Acquisition_Inc.	Financial	Shell_Companies	USA	-
AVAH	Aveanna_Healthcare_Holdings_Inc.	Healthcare	Medical_Care_Facilities	USA	1.03B
AVAL	Grupo_Aval_Acciones_y_Valores_S.A.	Financial	Banks_-_Regional	Colombia	6.16B
AVAN	Avanti_Acquisition_Corp.	Financial	Shell_Companies	Cayman_Islands	735.85M
AVAV	AeroVironment,_Inc.	Industrials	Aerospace_&_Defense	USA	1.41B
AVB	AvalonBay_Communities,_Inc.	Real_Estate	REIT_-_Residential	USA	33.68B
AVCO	Avalon_GloboCare_Corp.	Healthcare	Medical_Care_Facilities	USA	61.58M
AVCT	American_Virtual_Cloud_Technologies,_Inc.	Technology	Information_Technology_Services	USA	89.92M
AVD	American_Vanguard_Corporation	Basic_Materials	Agricultural_Inputs	USA	453.43M
AVDE	American_Century_ETF_Trust_-_Avantis_International_Equity_ETF	Financial	Exchange_Traded_Fund	USA	-
AVDL	Avadel_Pharmaceuticals_plc	Healthcare	Drug_Manufacturers_-_Specialty_&_Generic	Ireland	329.83M
AVDV	American_Century_ETF_Trust_-_Avantis_International_Small_Cap_Value_ETF	Financial	Exchange_Traded_Fund	USA	-
AVDX	AvidXchange_Holdings,_Inc.	Technology	Software_-_Infrastructure	USA	2.02B
AVEM	American_Century_ETF_Trust_-_Avantis_Emerging_Markets_Equity_ETF	Financial	Exchange_Traded_Fund	USA	-
AVEO	AVEO_Pharmaceuticals,_Inc.	Healthcare	Biotechnology	USA	116.31M
AVGO	Broadcom_Inc.	Technology	Semiconductors	USA	235.92B
AVGR	Avinger,_Inc.	Healthcare	Medical_Devices	USA	27.26M
AVID	Avid_Technology,_Inc.	Communication_Services	Electronic_Gaming_&_Multimedia	USA	1.19B
AVIR	Atea_Pharmaceuticals,_Inc.	Healthcare	Biotechnology	USA	537.56M
AVK	Advent_Convertible_and_Income_Fund	Financial	Closed-End_Fund_-_Debt	USA	578.64M
AVLR	Avalara,_Inc.	Technology	Software_-_Application	USA	8.56B
AVNS	Avanos_Medical,_Inc.	Healthcare	Medical_Devices	USA	1.40B
AVNT	Avient_Corporation	Basic_Materials	Specialty_Chemicals	USA	4.46B
AVNW	Aviat_Networks,_Inc.	Technology	Communication_Equipment	USA	324.10M
AVO	Mission_Produce,_Inc.	Consumer_Defensive	Farm_Products	USA	941.68M
AVPT	AvePoint,_Inc.	Technology	Software_-_Infrastructure	USA	1.02B
AVRO	AVROBIO,_Inc.	Healthcare	Biotechnology	USA	73.94M
AVT	Avnet,_Inc.	Technology	Electronics_&_Computer_Distribution	USA	4.03B
AVTE	Aerovate_Therapeutics,_Inc.	Healthcare	Biotechnology	USA	228.06M
AVTR	Avantor,_Inc.	Basic_Materials	Specialty_Chemicals	USA	21.66B
AVTX	Avalo_Therapeutics,_Inc.	Healthcare	Biotechnology	USA	97.28M
AVUS	American_Century_ETF_Trust_-_Avantis_U.S._Equity_ETF	Financial	Exchange_Traded_Fund	USA	-
AVUV	American_Century_ETF_Trust_-_Avantis_U.S._Small_Cap_Value_Fund	Financial	Exchange_Traded_Fund	USA	-
AVXL	Anavex_Life_Sciences_Corp.	Healthcare	Biotechnology	USA	753.15M
AVY	Avery_Dennison_Corporation	Industrials	Business_Equipment_&_Supplies	USA	15.43B
AVYA	Avaya_Holdings_Corp.	Technology	Software_-_Application	USA	1.41B
AWAY	ETFMG_Travel_Tech_ETF	Financial	Exchange_Traded_Fund	USA	-
AWF	AllianceBernstein_Global_High_Income_Fund	Financial	Closed-End_Fund_-_Debt	USA	962.32M
AWH	Aspira_Women's_Health_Inc.	Healthcare	Diagnostics_&_Research	USA	125.12M
AWI	Armstrong_World_Industries,_Inc.	Industrials	Building_Products_&_Equipment	USA	4.40B
AWK	American_Water_Works_Company,_Inc.	Utilities	Utilities_-_Regulated_Water	USA	27.93B
AWP	Aberdeen_Global_Premier_Properties_Fund	Financial	Closed-End_Fund_-_Foreign	USA	519.28M
AWR	American_States_Water_Company	Utilities	Utilities_-_Regulated_Water	USA	3.25B
AWRE	Aware,_Inc.	Technology	Software_-_Application	USA	60.95M
AWTM	Aware_Ultra-Short_Duration_Enhanced_Income_ETF	Financial	Exchange_Traded_Fund	USA	-
AWX	Avalon_Holdings_Corporation	Industrials	Waste_Management	USA	13.08M
AX	Axos_Financial,_Inc.	Financial	Banks_-_Regional	USA	3.10B
AXDX	Accelerate_Diagnostics,_Inc.	Healthcare	Diagnostics_&_Research	USA	191.91M
AXGN	AxoGen,_Inc.	Healthcare	Medical_Devices	USA	336.91M
AXL	American_Axle_&_Manufacturing_Holdings,_Inc.	Consumer_Cyclical	Auto_Parts	USA	926.16M
AXLA	Axcella_Health_Inc.	Healthcare	Biotechnology	USA	63.49M
AXNX	Axonics,_Inc.	Healthcare	Medical_Devices	USA	2.27B
AXON	Axon_Enterprise,_Inc.	Industrials	Aerospace_&_Defense	USA	9.31B
AXP	American_Express_Company	Financial	Credit_Services	USA	139.76B
AXR	AMREP_Corporation	Real_Estate	Real_Estate_Services	USA	96.38M
AXS	AXIS_Capital_Holdings_Limited	Financial	Insurance_-_Property_&_Casualty	Bermuda	4.55B
AXSM	Axsome_Therapeutics,_Inc.	Healthcare	Biotechnology	USA	1.00B
AXTA	Axalta_Coating_Systems_Ltd.	Basic_Materials	Specialty_Chemicals	USA	6.46B
AXTI	AXT,_Inc.	Technology	Semiconductor_Equipment_&_Materials	USA	288.70M
AXU	Alexco_Resource_Corp.	Basic_Materials	Other_Precious_Metals_&_Mining	Canada	215.01M
AY	Atlantica_Sustainable_Infrastructure_plc	Utilities	Utilities_-_Renewable	United_Kingdom	3.60B
AYI	Acuity_Brands,_Inc.	Industrials	Electrical_Equipment_&_Parts	USA	6.51B
AYLA	Ayala_Pharmaceuticals,_Inc.	Healthcare	Biotechnology	Israel	79.20M
AYRO	Ayro,_Inc.	Consumer_Cyclical	Auto_Manufacturers	USA	41.48M
AYTU	Aytu_Biopharma,_Inc.	Healthcare	Biotechnology	USA	34.51M
AYX	Alteryx,_Inc.	Technology	Software_-_Application	USA	3.41B
AZ	A2Z_Smart_Technologies_Corp.	Industrials	Aerospace_&_Defense	Canada	189.51M
AZEK	The_AZEK_Company_Inc.	Industrials	Building_Products_&_Equipment	USA	4.56B
AZN	AstraZeneca_PLC	Healthcare	Drug_Manufacturers_-_General	United_Kingdom	173.16B
AZO	AutoZone,_Inc.	Consumer_Cyclical	Specialty_Retail	USA	40.74B
AZPN	Aspen_Technology,_Inc.	Technology	Software_-_Application	USA	9.88B
AZRE	Azure_Power_Global_Limited	Utilities	Utilities_-_Renewable	India	667.66M
AZTA	Azenta,_Inc.	Healthcare	Medical_Instruments_&_Supplies	USA	6.24B
AZUL	Azul_S.A.	Industrials	Airlines	Brazil	1.67B
AZYO	Aziyo_Biologics,_Inc.	Healthcare	Medical_Devices	USA	50.72M
AZZ	Azarga_Uranium_Corp.	Industrials	Electrical_Equipment_&_Parts	Canada	1.17B
B	Barnes_Group_Inc.	Industrials	Specialty_Industrial_Machinery	USA	2.25B
BA	The_Boeing_Company	Industrials	Aerospace_&_Defense	USA	120.81B
BAB	Invesco_ETF_Trust_II_-_Invesco_Taxable_Municipal_Bond_ETF	Financial	Exchange_Traded_Fund	USA	-
BABA	Alibaba_Group_Holding_Limited	Consumer_Cyclical	Internet_Retail	China	320.09B
BAC	Bank_of_America_Corporation	Financial	Banks_-_Diversified	USA	391.68B
BACA	Berenson_Acquisition_Corp._I	Financial	Shell_Companies	USA	267.40M
BAH	Booz_Allen_Hamilton_Holding_Corporation	Industrials	Consulting_Services	USA	11.19B
BAK	Braskem_S.A.	Basic_Materials	Chemicals	Brazil	7.30B
BAL	iPath_Series_B_Bloomberg_Cotton_Subindex_Total_Return_ETN	Financial	Exchange_Traded_Fund	USA	-
BALY	Bally's_Corporation	Consumer_Cyclical	Resorts_&_Casinos	USA	1.90B
BAM	Brookfield_Asset_Management_Inc.	Financial	Asset_Management	Canada	84.26B
BAMR	Brookfield_Asset_Management_Reinsurance_Partners_Ltd.	Financial	Insurance_-_Reinsurance	Bermuda	598.85M
BANC	Banc_of_California,_Inc.	Financial	Banks_-_Regional	USA	1.22B
BAND	Bandwidth_Inc.	Technology	Software_-_Infrastructure	USA	1.44B
BANF	BancFirst_Corporation	Financial	Banks_-_Regional	USA	2.46B
BANR	Banner_Corporation	Financial	Banks_-_Regional	USA	2.10B
BANX	StoneCastle_Financial_Corp.	Financial	Asset_Management	USA	155.46M
BAOS	Baosheng_Media_Group_Holdings_Limited	Communication_Services	Advertising_Agencies	China	23.31M
BAP	Credicorp_Ltd.	Financial	Banks_-_Regional	Peru	12.45B
BAPR	Innovator_S&P_500_Buffer_ETF_-_April_New	Financial	Exchange_Traded_Fund	USA	-
BAR	GraniteShares_Gold_Trust	Financial	Exchange_Traded_Fund	USA	-
BARK	BARK,_Inc.	Consumer_Cyclical	Specialty_Retail	USA	580.43M
BASE	Couchbase,_Inc.	Technology	Software_-_Infrastructure	USA	914.32M
BATL	Battalion_Oil_Corporation	Energy	Oil_&_Gas_E&P	USA	270.09M
BATRA	The_Liberty_Braves_Group	Communication_Services	Entertainment	USA	270.32M
BATRK	The_Liberty_Braves_Group	Communication_Services	Entertainment	USA	1.04B
BATT	Amplify_ETF_Trust_-_Amplify_Lithium_&_Battery_Technology_ETF	Financial	Exchange_Traded_Fund	USA	-
BAUG	Innovator_S&P_500_Buffer_ETF_-_August	Financial	Exchange_Traded_Fund	USA	-
BAX	Baxter_International_Inc.	Healthcare	Medical_Instruments_&_Supplies	USA	43.08B
BB	BlackBerry_Limited	Technology	Software_-_Infrastructure	Canada	4.08B
BBAI	BigBear.ai_Holdings,_Inc.	Technology	Information_Technology_Services	USA	714.31M
BBAR	Banco_BBVA_Argentina_S.A.	Financial	Banks_-_Regional	Argentina	1.30B
BBAX	J.P._Morgan_ETF_Trust_-_JPMorgan_BetaBuilders_Developed_Asia_ex-Japan_ETF	Financial	Exchange_Traded_Fund	USA	-
BBBY	Bed_Bath_&_Beyond_Inc.	Consumer_Cyclical	Specialty_Retail	USA	1.39B
BBC	Virtus_LifeSci_Biotech_Clinical_Trials_ETF	Financial	Exchange_Traded_Fund	USA	-
BBCA	J.P._Morgan_ETF_Trust_-_JPMorgan_BetaBuilders_Canada_ETF	Financial	Exchange_Traded_Fund	USA	-
BBCP	Concrete_Pumping_Holdings,_Inc.	Industrials	Engineering_&_Construction	USA	424.90M
BBD	Banco_Bradesco_S.A.	Financial	Banks_-_Regional	Brazil	41.57B
BBDC	Barings_BDC,_Inc.	Financial	Credit_Services	USA	730.89M
BBEU	JPMorgan_BetaBuilders_Europe_ETF	Financial	Exchange_Traded_Fund	USA	-
BBGI	Beasley_Broadcast_Group,_Inc.	Communication_Services	Broadcasting	USA	58.02M
BBH	VanEck_Vectors_Biotech_ETF	Financial	Exchange_Traded_Fund	USA	-
BBI	Brickell_Biotech,_Inc.	Healthcare	Biotechnology	USA	31.92M
BBIG	Vinco_Ventures,_Inc.	Consumer_Cyclical	Leisure	USA	302.01M
BBIN	JPMorgan_BetaBuilders_International_Equity_ETF	Financial	Exchange_Traded_Fund	USA	-
BBIO	BridgeBio_Pharma,_Inc.	Healthcare	Biotechnology	USA	1.46B
BBJP	JPMorgan_BetaBuilders_Japan_ETF	Financial	Exchange_Traded_Fund	USA	-
BBL	BHP_Group	Basic_Materials	Other_Industrial_Metals_&_Mining	Australia	165.31B
BBLG	Bone_Biologics_Corporation	Healthcare	Medical_Devices	USA	23.76M
BBLN	Babylon_Holdings_Limited	Healthcare	Health_Information_Services	United_Kingdom	2.14B
BBMC	JPMorgan_BetaBuilders_U.S._Mid_Cap_Equity_ETF	Financial	Exchange_Traded_Fund	USA	-
BBN	BlackRock_Taxable_Municipal_Bond_Trust	Financial	Closed-End_Fund_-_Debt	USA	1.38B
BBQ	BBQ_Holdings,_Inc.	Consumer_Cyclical	Restaurants	USA	162.15M
BBRE	JPMorgan_BetaBuilders_MSCI_U.S._REIT_ETF	Financial	Exchange_Traded_Fund	USA	-
BBSA	JPMorgan_BetaBuilders_1-5_Yr_US_Aggregate_Bond_ETF	Financial	Exchange_Traded_Fund	USA	-
BBSI	Barrett_Business_Services,_Inc.	Industrials	Staffing_&_Employment_Services	USA	480.56M
BBU	Brookfield_Business_Partners_L.P.	Industrials	Conglomerates	Bermuda	3.61B
BBUS	J.P._Morgan_ETF_Trust_-_JPMorgan_BetaBuilders_U.S._Equity_ETF	Financial	Exchange_Traded_Fund	USA	-
BBVA	Banco_Bilbao_Vizcaya_Argentaria,_S.A.	Financial	Banks_-_Diversified	Spain	43.62B
BBW	Build-A-Bear_Workshop,_Inc.	Consumer_Cyclical	Specialty_Retail	USA	290.88M
BBWI	Bath_&_Body_Works,_Inc.	Consumer_Cyclical	Specialty_Retail	USA	14.00B
BBY	Best_Buy_Co.,_Inc.	Consumer_Cyclical	Specialty_Retail	USA	22.93B
BC	Brunswick_Corporation	Consumer_Cyclical	Leisure	USA	6.80B
BCAB	BioAtla,_Inc.	Healthcare	Biotechnology	USA	296.44M
BCAC	Brookline_Capital_Acquisition_Corp.	Financial	Shell_Companies	USA	74.52M
BCACU	Brookline_Capital_Acquisition_Corp.	Financial	Shell_Companies	USA	-
BCAT	BlackRock_Capital_Allocation_Trust	Financial	Closed-End_Fund_-_Equity	USA	2.03B
BCBP	BCB_Bancorp,_Inc.	Financial	Banks_-_Regional	USA	300.21M
BCC	Boise_Cascade_Company	Basic_Materials	Lumber_&_Wood_Production	USA	2.99B
BCD	Aberdeen_Standard_Bloomberg_All_Commodity_Longer_Dated_Strategy_K-1_Free_ETF	Financial	Exchange_Traded_Fund	USA	-
BCDA	BioCardia,_Inc.	Healthcare	Biotechnology	USA	34.89M
BCE	BCE_Inc.	Communication_Services	Telecom_Services	Canada	48.17B
BCEL	Atreca,_Inc.	Healthcare	Biotechnology	USA	67.42M
BCH	Banco_de_Chile	Financial	Banks_-_Regional	Chile	9.77B
BCI	Aberdeen_Standard_Bloomberg_All_Commodity_Strategy_K-1_Free_ETF	Financial	Exchange_Traded_Fund	USA	-
BCLI	Brainstorm_Cell_Therapeutics_Inc.	Healthcare	Biotechnology	USA	108.10M
BCM	iPath_Pure_Beta_Broad_Commodity_ETN	Financial	Exchange_Traded_Fund	USA	-
BCML	BayCom_Corp	Financial	Banks_-_Regional	USA	225.57M
BCO	The_Brink's_Company	Industrials	Security_&_Protection_Services	USA	3.37B
BCOR	Blucora,_Inc.	Financial	Asset_Management	USA	786.06M
BCOV	Brightcove_Inc.	Technology	Software_-_Application	USA	376.38M
BCPC	Balchem_Corporation	Basic_Materials	Specialty_Chemicals	USA	4.46B
BCRX	BioCryst_Pharmaceuticals,_Inc.	Healthcare	Biotechnology	USA	2.60B
BCS	Barclays_PLC	Financial	Banks_-_Diversified	United_Kingdom	47.25B
BCSA	Blockchain_Coinvestors_Acquisition_Corp._I	Financial	Shell_Companies	Cayman_Islands	311.03M
BCSAU	Blockchain_Coinvestors_Acquisition_Corp._I	Financial	Shell_Companies	Cayman_Islands	-
BCSAW	Blockchain_Coinvestors_Acquisition_Corp._I	Financial	Shell_Companies	Cayman_Islands	-
BCSF	Bain_Capital_Specialty_Finance,_Inc.	Financial	Asset_Management	USA	1.01B
BCTX	BriaCell_Therapeutics_Corp.	Healthcare	Biotechnology	Canada	105.66M
BCV	Bancroft_Fund_Ltd.	Financial	Closed-End_Fund_-_Debt	USA	128.73M
BCX	Blackrock_Resources_&_Commodities_Strategy_Trust	Financial	Closed-End_Fund_-_Equity	USA	884.93M
BCYC	Bicycle_Therapeutics_plc	Healthcare	Biotechnology	United_Kingdom	1.40B
BDC	Belden_Inc.	Industrials	Electrical_Equipment_&_Parts	USA	2.48B
BDCZ	UBS_ETRACS_Wells_Fargo_Business_Development_Company_Index_ETN	Financial	Exchange_Traded_Fund	USA	-
BDEC	Innovator_S&P_500_Buffer_ETF_-_December	Financial	Exchange_Traded_Fund	USA	-
BDJ	BlackRock_Enhanced_Equity_Dividend_Trust	Financial	Closed-End_Fund_-_Equity	USA	1.83B
BDL	Flanigan's_Enterprises,_Inc.	Consumer_Cyclical	Restaurants	USA	56.99M
BDN	Brandywine_Realty_Trust	Real_Estate	REIT_-_Office	USA	2.18B
BDR	Blonder_Tongue_Laboratories,_Inc.	Technology	Communication_Equipment	USA	5.23M
BDRY	Breakwave_Dry_Bulk_Shipping_ETF	Financial	Exchange_Traded_Fund	USA	-
BDSI	BioDelivery_Sciences_International,_Inc.	Healthcare	Biotechnology	USA	358.64M
BDSX	Biodesix,_Inc.	Healthcare	Diagnostics_&_Research	USA	96.64M
BDTX	Black_Diamond_Therapeutics,_Inc.	Healthcare	Biotechnology	USA	142.82M
BDX	Becton,_Dickinson_and_Company	Healthcare	Medical_Instruments_&_Supplies	USA	75.27B
BE	Bloom_Energy_Corporation	Industrials	Electrical_Equipment_&_Parts	USA	2.43B
BEAM	Beam_Therapeutics_Inc.	Healthcare	Biotechnology	USA	3.89B
BEAT	HeartBeam,_Inc.	Healthcare	Diagnostics_&_Research	USA	16.87M
BECN	Beacon_Roofing_Supply,_Inc.	Industrials	Building_Products_&_Equipment	USA	3.67B
BEDU	Bright_Scholar_Education_Holdings_Limited	Consumer_Defensive	Education_&_Training_Services	China	110.16M
BEDZ	AdvisorShares_Hotel_ETF	Financial	Exchange_Traded_Fund	USA	-
BEEM	Beam_Global	Technology	Solar	USA	109.70M
BEKE	KE_Holdings_Inc.	Real_Estate	Real_Estate_Services	China	23.15B
BELFB	Bel_Fuse_Inc.	Technology	Electronic_Components	USA	122.51M
BEN	Franklin_Resources,_Inc.	Financial	Asset_Management	USA	15.69B
